{
    "scale" : 1,

    "materials": [
        {
            "DbgName" : "Metal Material",
            "blending" : "NormalBlending",
            "colorAmbient" : [0.25, 0.25, 0.25],
            "colorDiffuse" : [0.7, 0.7, 0.7],
            "colorSpecular" : [0.401201, 0.401201, 0.401201],
            "shading" : "Phong",
            "specularCoef" : 50,
            "transparency" : 1.0,
            "transparent" : false,
            "vertexColors" : false
        }
    ],

    "vertices": [
        0.0208742, 0.0089758, 0.0084754,
        0.0208741, 0.0005642, 0.0119739,
        0.0208742, -0.0079164, 0.0084754,
        0.0208744, -0.0114149, 2.93e-05,
        0.0208747, -0.0079164, -0.0084168,
        0.0208748, 0.0005642, -0.0119153,
        0.0208747, 0.0089758, -0.0084168,
        0.0208744, 0.0124743, 2.93e-05,
        0.0190454, 0.0089758, 0.0084754,
        0.0190453, 0.0005642, 0.0119739,
        0.0190454, -0.0079164, 0.0084754,
        0.0190457, -0.0114149, 2.93e-05,
        0.019046, -0.0079164, -0.0084169,
        0.0190461, 0.0005642, -0.0119153,
        0.019046, 0.0089758, -0.0084168,
        0.0190457, 0.0124743, 2.93e-05,
        0.0221934, -0.0308684, -0.0108051,
        0.0221927, -0.0308684, 0.011001,
        0.0208741, -0.0294766, 0.011001,
        0.0208748, -0.0294766, -0.0108052,
        0.0208748, 0.0005642, -0.0108052,
        0.0208741, 0.0005642, 0.011001,
        0.0221927, 0.0005642, 0.011001,
        0.0221934, 0.0005642, -0.0108051,
        -0.0087984, -0.0327532, 2.38e-05,
        -0.0062282, -0.0327532, -0.0061801,
        -2.38e-05, -0.0327532, -0.0087497,
        0.0061804, -0.0327532, -0.0061797,
        0.0087501, -0.0327532, 2.44e-05,
        0.00618, -0.0327532, 0.0062283,
        -2.44e-05, -0.0327532, 0.0087979,
        -0.0062287, -0.0327532, 0.0062279,
        -0.0087984, -0.0308684, 2.38e-05,
        -0.0062282, -0.0308684, -0.0061801,
        -2.38e-05, -0.0308684, -0.0087497,
        0.0061804, -0.0308684, -0.0061797,
        0.0087501, -0.0308684, 2.44e-05,
        0.00618, -0.0308684, 0.0062283,
        -2.44e-05, -0.0308684, 0.0087979,
        -0.0062287, -0.0308684, 0.0062279,
        0.0225672, 0.0047428, 2.94e-05,
        0.0225673, 0.0035099, -0.002947,
        0.0225674, 0.0005528, -0.0041799,
        0.0225673, -0.0024429, -0.002947,
        0.0225672, -0.0036757, 2.94e-05,
        0.0225671, -0.0024429, 0.0030058,
        0.0225671, 0.0005528, 0.0042386,
        0.0225671, 0.0035099, 0.0030058,
        -0.0225672, 0.0035099, 0.003005,
        -0.0225672, 0.0005528, 0.0042379,
        -0.0225672, -0.0024429, 0.003005,
        -0.0225672, -0.0036757, 2.86e-05,
        -0.0225672, -0.0024429, -0.0029478,
        -0.0225672, 0.0005528, -0.0041806,
        -0.0225672, 0.0035099, -0.0029478,
        -0.0225672, 0.0047428, 2.86e-05,
        -0.0190457, 0.0124743, 2.86e-05,
        -0.0190457, 0.0089758, -0.0084175,
        -0.0190457, 0.0005642, -0.011916,
        -0.0190457, -0.0079164, -0.0084175,
        -0.0190457, -0.0114149, 2.86e-05,
        -0.0190457, -0.0079164, 0.0084747,
        -0.0190457, 0.0005642, 0.0119732,
        -0.0190457, 0.0089758, 0.0084747,
        -0.0208745, 0.0124743, 2.86e-05,
        -0.0208744, 0.0089758, -0.0084175,
        -0.0208744, 0.0005642, -0.011916,
        -0.0208744, -0.0079164, -0.0084175,
        -0.0208745, -0.0114149, 2.86e-05,
        -0.0208745, -0.0079164, 0.0084747,
        -0.0208745, 0.0005642, 0.0119732,
        -0.0208745, 0.0089758, 0.0084747,
        -0.022193, 0.0005642, -0.0108059,
        -0.022193, 0.0005642, 0.0110002,
        -0.0208745, 0.0005642, 0.0110002,
        -0.0208744, 0.0005642, -0.0108059,
        -0.0208744, -0.0294766, -0.0108059,
        -0.0208745, -0.0294766, 0.0110002,
        -0.022193, -0.0308684, 0.0110002,
        -0.022193, -0.0308684, -0.0108059
    ],

    "faces": [
        0, 2, 3, 4, 0, 1, 2, 4, 0, 1, 4,
        5, 0, 0, 1, 5, 0, 0, 5, 6, 0,
        0, 6, 7, 0, 10, 12, 11, 0, 10, 13,
        12, 0, 9, 13, 10, 0, 8, 13, 9, 0,
        8, 14, 13, 0, 15, 14, 8, 0, 24, 25,
        31, 0, 31, 25, 26, 0, 31, 26, 30, 0,
        30, 26, 29, 0, 29, 26, 27, 0, 29, 27,
        28, 0, 41, 40, 47, 0, 41, 47, 42, 0,
        42, 47, 46, 0, 42, 46, 45, 0, 42, 45,
        43, 0, 43, 45, 44, 0, 39, 31, 30, 0,
        39, 30, 38, 0, 38, 30, 29, 0, 38, 29,
        37, 0, 37, 29, 28, 0, 37, 28, 36, 0,
        36, 28, 27, 0, 36, 27, 35, 0, 35, 27,
        26, 0, 35, 26, 34, 0, 34, 26, 25, 0,
        34, 25, 33, 0, 33, 25, 24, 0, 33, 24,
        32, 0, 31, 39, 32, 0, 31, 32, 24, 0,
        19, 21, 20, 0, 19, 18, 21, 0, 23, 21,
        22, 0, 23, 20, 21, 0, 16, 22, 17, 0,
        16, 23, 22, 0, 17, 22, 18, 0, 18, 22,
        21, 0, 19, 23, 16, 0, 19, 20, 23, 0,
        8, 0, 7, 0, 8, 7, 15, 0, 6, 14,
        15, 0, 6, 15, 7, 0, 5, 13, 14, 0,
        5, 14, 6, 0, 4, 12, 13, 0, 4, 13,
        5, 0, 3, 11, 12, 0, 3, 12, 4, 0,
        2, 10, 11, 0, 2, 11, 3, 0, 1, 9,
        10, 0, 1, 10, 2, 0, 0, 8, 9, 0,
        0, 9, 1, 0, 71, 70, 62, 0, 71, 62,
        63, 0, 70, 69, 61, 0, 70, 61, 62, 0,
        69, 68, 60, 0, 69, 60, 61, 0, 68, 67,
        59, 0, 68, 59, 60, 0, 67, 66, 58, 0,
        67, 58, 59, 0, 66, 65, 57, 0, 66, 57,
        58, 0, 65, 64, 56, 0, 65, 56, 57, 0,
        63, 56, 64, 0, 63, 64, 71, 0, 52, 51,
        50, 0, 53, 52, 50, 0, 53, 50, 49, 0,
        53, 49, 48, 0, 54, 53, 48, 0, 54, 48,
        55, 0, 56, 63, 57, 0, 63, 58, 57, 0,
        63, 62, 58, 0, 62, 61, 58, 0, 61, 59,
        58, 0, 61, 60, 59, 0, 71, 64, 65, 0,
        71, 65, 66, 0, 71, 66, 70, 0, 70, 66,
        67, 0, 70, 67, 69, 0, 69, 67, 68, 0,
        76, 72, 75, 0, 76, 79, 72, 0, 77, 74,
        73, 0, 78, 77, 73, 0, 79, 73, 72, 0,
        79, 78, 73, 0, 72, 74, 75, 0, 72, 73,
        74, 0, 76, 74, 77, 0, 76, 75, 74, 0,
        40, 41, 54, 0, 40, 54, 55, 0, 41, 42,
        53, 0, 41, 53, 54, 0, 42, 43, 52, 0,
        42, 52, 53, 0, 43, 44, 51, 0, 43, 51,
        52, 0, 44, 45, 50, 0, 44, 50, 51, 0,
        45, 46, 49, 0, 45, 49, 50, 0, 46, 47,
        48, 0, 46, 48, 49, 0, 40, 55, 48, 0,
        40, 48, 47, 0, 17, 18, 77, 0, 17, 77,
        78, 0, 18, 19, 76, 0, 18, 76, 77, 0,
        16, 17, 78, 0, 16, 78, 79, 0, 16, 79,
        76, 0, 16, 76, 19
    ],

    "morphTargets": [],

    "normals": [],

    "colors": [],

    "uvs": [[]],

    "edges" : []
}
