{
    "scale" : 1,

    "materials": [
        {
	        "DbgName" : "Plastic Material",
	        "blending" : "NormalBlending",
	        "colorAmbient" : [0.25, 0.25, 0.25],
	        "colorDiffuse" : [0.301961, 0.301961, 0.301961],
	        "colorSpecular" : [0.401201, 0.401201, 0.401201],
	        "shading" : "Phong",
	        "specularCoef" : 50,
	        "transparency" : 1.0,
	        "transparent" : false,
	        "vertexColors" : false
	    }
	],

    "vertices": [
        0.0321921, -0.0784286, -0.0367578,
        -0.0321921, -0.0784286, -0.0367578,
        0.0311006, -0.0392151, -0.0368254,
        -0.0311006, -0.0392151, -0.0368254,
        0.030769, -0.0273114, -0.0213674,
        -0.030769, -0.0273114, -0.0213674,
        0.0303636, -0.0127552, -0.0089633,
        -0.0303636, -0.0127552, -0.0089633,
        0.0299594, 0.0017595, -0.0015376,
        -0.0299594, 0.0017595, -0.0015376,
        0.0295499, 0.0164651, 0.0041354,
        -0.0295499, 0.0164651, 0.0041354,
        0.0295497, 0.0164712, 0.0132623,
        -0.0295497, 0.0164712, 0.0132623,
        0.030808, -0.0287311, 0.0093219,
        -0.030808, -0.0287311, 0.0093219,
        0.0317893, -0.0639808, 0.0020625,
        -0.0317893, -0.0639808, 0.0020625,
        0.0321876, -0.0782881, -0.0018784,
        -0.0321876, -0.0782881, -0.0018784,
        0.0245216, -0.104273, 0.0042722,
        -0.0245216, -0.104273, 0.0042722,
        0.0275907, -0.0999268, 0.0088045,
        -0.0275907, -0.0999268, 0.0088045,
        0.0313282, -0.0910063, 0.0009325,
        -0.0313282, -0.0910063, 0.0009325,
        0.0320606, -0.0852879, -0.0019302,
        -0.0320606, -0.0852879, -0.0019302,
        0.0245218, -0.104273, -0.0063471,
        -0.0245218, -0.104273, -0.0063471,
        0.027591, -0.0999272, -0.0114838,
        -0.027591, -0.0999272, -0.0114838,
        0.0313286, -0.0910067, -0.0217641,
        -0.0313286, -0.0910067, -0.0217641,
        0.0320611, -0.0852883, -0.028391,
        -0.0320611, -0.0852883, -0.028391,
        0, -0.0583238, 0.0271951,
        0, -0.0147893, 0.0307726,
        0, 0.0164661, 0.0312491,
        0.0199838, -0.0583242, 0.0271955,
        -0.0199838, -0.0583242, 0.0271955,
        0.0199845, -0.0147896, 0.0307729,
        -0.0199845, -0.0147896, 0.0307729,
        0.019985, 0.0164657, 0.0312495,
        -0.019985, 0.0164657, 0.0312495,
        0.0218872, -0.0583242, 0.0245715,
        -0.0218872, -0.0583242, 0.0245715,
        0.0218868, -0.0862341, 0.0205168,
        -0.0218868, -0.0862341, 0.0205168,
        0.0266765, 0.0164685, 0.0225968,
        -0.0266765, 0.0164685, 0.0225968,
        0.0263508, -0.0217604, 0.0218203,
        -0.0263508, -0.0217604, 0.0218203,
        0.0265654, -0.0611524, 0.0190446,
        -0.0265654, -0.0611524, 0.0190446,
        0.0265862, -0.082261, 0.0142788,
        -0.0265862, -0.082261, 0.0142788,
        0.0288814, -0.0784285, -0.0367579,
        -0.0288814, -0.0784285, -0.0367579,
        0.0277899, -0.039215, -0.0368255,
        -0.0277899, -0.039215, -0.0368255,
        0.0274583, -0.0273113, -0.0213675,
        -0.0274583, -0.0273113, -0.0213675,
        0.0270529, -0.0127551, -0.0089634,
        -0.0270529, -0.0127551, -0.0089634,
        0.0266488, 0.0017595, -0.0015377,
        -0.0266488, 0.0017595, -0.0015377,
        0.0262392, 0.0164652, 0.0041353,
        -0.0262392, 0.0164652, 0.0041353,
        0.026239, 0.0164713, 0.0132622,
        -0.026239, 0.0164713, 0.0132622,
        0.021211, -0.104273, 0.0042722,
        -0.021211, -0.104273, 0.0042722,
        0.02428, -0.0999268, 0.0088045,
        -0.02428, -0.0999268, 0.0088045,
        0.0212111, -0.104273, -0.0063472,
        -0.0212111, -0.104273, -0.0063472,
        0.0242804, -0.0999271, -0.0114838,
        -0.0242804, -0.0999271, -0.0114838,
        0.0280179, -0.0910066, -0.0217641,
        -0.0280179, -0.0910066, -0.0217641,
        0.0287504, -0.0852883, -0.0283911,
        -0.0287504, -0.0852883, -0.0283911,
        0.0175987, -0.0583242, 0.0248103,
        -0.0175987, -0.0583242, 0.0248103,
        0.0175999, 0.0164657, 0.0288643,
        -0.0175999, 0.0164657, 0.0288643,
        0.0195021, -0.0583242, 0.0221864,
        -0.0195021, -0.0583242, 0.0221864,
        0.0195017, -0.0862341, 0.0181316,
        -0.0195017, -0.0862341, 0.0181316,
        0.0242914, 0.0164685, 0.0202117,
        -0.0242914, 0.0164685, 0.0202117,
        0, -0.0583239, 0.0243141,
        0, 0.016466, 0.0283681
    ],

    "faces": [
        0, 10,12,14,
        0, 15,13,11,
        0, 10,14,16,
        0, 17,15,11,
        0, 8,10,16,
        0, 17,11,9,
        0, 8,16,18,
        0, 19,17,9,
        0, 6,8,18,
        0, 19,9,7,
        0, 18,0,6,
        0, 7,1,19,
        0, 6,0,4,
        0, 5,1,7,
        0, 4,0,2,
        0, 3,1,5,
        0, 30,22,20,
        0, 21,23,31,
        0, 24,22,30,
        0, 31,23,25,
        0, 30,20,28,
        0, 29,21,31,
        0, 32,24,30,
        0, 31,25,33,
        0, 26,24,32,
        0, 33,25,27,
        0, 0,18,26,
        0, 27,19,1,
        0, 34,26,32,
        0, 33,27,35,
        0, 0,26,34,
        0, 35,27,1,
        0, 55,22,24,
        0, 25,23,56,
        0, 26,18,55,
        0, 56,19,27,
        0, 26,55,24,
        0, 25,56,27,
        0, 22,55,47,
        0, 48,56,23,
        1, 45,47,55,53,
        1, 56,48,46,54,
        1, 16,53,55,18,
        1, 56,54,17,19,
        0, 45,53,51,
        0, 52,54,46,
        1, 14,51,53,16,
        1, 54,52,15,17,
        1, 12,49,51,14,
        1, 52,50,13,15,
        0, 39,45,41,
        0, 42,46,40,
        0, 41,45,51,
        0, 52,46,42,
        1, 41,51,49,43,
        1, 50,52,42,44,
        1, 36,39,41,37,
        1, 42,40,36,37,
        1, 37,41,43,38,
        1, 44,42,37,38,
        1, 12,69,91,49,
        1, 92,70,13,50,
        1, 10,67,69,12,
        1, 70,68,11,13,
        1, 8,65,67,10,
        1, 68,66,9,11,
        1, 6,63,65,8,
        1, 66,64,7,9,
        1, 4,61,63,6,
        1, 64,62,5,7,
        1, 43,49,91,85,
        1, 92,50,44,86,
        1, 2,59,61,4,
        1, 62,60,3,5,
        1, 0,57,59,2,
        1, 60,58,1,3,
        1, 0,34,81,57,
        1, 82,35,1,58,
        1, 32,79,81,34,
        1, 82,80,33,35,
        1, 30,77,79,32,
        1, 80,78,31,33,
        1, 28,75,77,30,
        1, 78,76,29,31,
        1, 20,71,75,28,
        1, 76,72,21,29,
        1, 20,22,73,71,
        1, 74,23,21,72,
        1, 22,47,89,73,
        1, 90,48,23,74,
        1, 45,87,89,47,
        1, 90,88,46,48,
        1, 39,83,87,45,
        1, 88,84,40,46,
        1, 38,43,85,94,
        1, 86,44,38,94,
        1, 36,93,83,39,
        1, 84,93,36,40,
        1, 83,93,94,85,
        1, 94,93,84,86,
        1, 83,85,91,87,
        1, 92,86,84,88,
        0, 87,91,89,
        0, 90,92,88,
        0, 73,89,91,
        0, 92,90,74,
        0, 69,73,91,
        0, 92,74,70,
        0, 69,71,73,
        0, 74,72,70,
        0, 69,75,71,
        0, 72,76,70,
        0, 79,75,69,
        0, 70,76,80,
        0, 81,79,69,
        0, 70,80,82,
        0, 57,81,69,
        0, 70,82,58,
        0, 79,77,75,
        0, 76,78,80,
        0, 63,57,65,
        0, 66,58,64,
        0, 61,57,63,
        0, 64,58,62,
        0, 59,57,61,
        0, 62,58,60,
        0, 57,69,65,
        0, 66,70,58,
        0, 65,69,67,
        0, 68,70,66
    ],

    "morphTargets": [],

    "normals": [],

    "colors": [],

    "uvs": [[]],

    "edges" : []
}
