{
    "scale" : 1,

    "metadata": {},

    "materials": [
        {
            "DbgName" : "Metal Material",
            "blending" : "NormalBlending",
            "colorAmbient" : [0.25, 0.25, 0.25],
            "colorDiffuse" : [0.7, 0.7, 0.7],
            "colorSpecular" : [0.401201, 0.401201, 0.401201],
            "shading" : "Phong",
            "specularCoef" : 50,
            "transparency" : 1.0,
            "transparent" : false,
            "vertexColors" : false
        }
    ],

    "vertices": [
        -0.0025152, -0.0272838, -0.0201519,
        0.0063963, -0.0253913, -0.020152,
        0.011394, -0.0176984, -0.0201521,
        0.009482, -0.0087585, -0.0201522,
        0.0018086, -0.0037891, -0.0201522,
        -0.0071596, -0.0057208, -0.0201521,
        -0.0121006, -0.0133746, -0.020152,
        -0.0101886, -0.0223144, -0.0201519,
        -0.0025152, -0.0272838, -0.017988,
        0.0063963, -0.0253913, -0.0179881,
        0.011394, -0.0176983, -0.0179883,
        0.009482, -0.0087585, -0.0179884,
        0.0018086, -0.0037891, -0.0179884,
        -0.0071596, -0.0057207, -0.0179883,
        -0.0121006, -0.0133746, -0.0179882,
        -0.0101886, -0.0223144, -0.0179881,
        0.0236502, 0.0108478, -0.0217128,
        0.0236213, -0.0109584, -0.0217124,
        0.0221549, -0.0109583, -0.0201523,
        0.0222586, 0.0108478, -0.0201526,
        -0.0084534, -0.0082007, -0.0201521,
        0.0075397, -0.0234598, -0.020152,
        0.0075397, -0.0234599, -0.0217122,
        -0.0084534, -0.0082007, -0.0217123,
        0.0256226, 1.39e-05, 0.0113823,
        0.0256226, 0.0080327, 0.0080607,
        0.0256224, 0.011354, 4.18e-05,
        0.0256223, 0.0080324, -0.007977,
        0.0256222, 1.35e-05, -0.0112984,
        0.0256223, -0.0080052, -0.0079767,
        0.0256224, -0.0113266, 4.22e-05,
        0.0256226, -0.008005, 0.0080609,
        0.0235638, 1.39e-05, 0.0113823,
        0.0235638, 0.0080327, 0.0080607,
        0.0235636, 0.011354, 4.18e-05,
        0.0235635, 0.0080324, -0.007977,
        0.0235634, 1.35e-05, -0.0112983,
        0.0235635, -0.0080052, -0.0079767,
        0.0236216, -0.0113266, 4.22e-05,
        0.0235638, -0.008005, 0.008061,
        -0.0038224, -0.0179272, -0.0221549,
        -0.0044962, -0.0147768, -0.022155,
        -0.0027608, -0.0120837, -0.022155,
        0.0004054, -0.0113989, -0.0221551,
        0.0031095, -0.0131501, -0.0221551,
        0.0037833, -0.0163005, -0.022155,
        0.0020162, -0.0190155, -0.022155,
        -0.0011183, -0.0196784, -0.0221549,
        -0.0011175, -0.0196784, 0.0221863,
        0.002017, -0.0190155, 0.0221863,
        0.0037841, -0.0163005, 0.0221862,
        0.0031103, -0.0131501, 0.0221863,
        0.0004062, -0.0113989, 0.0221864,
        -0.0027601, -0.0120837, 0.0221865,
        -0.0044954, -0.0147768, 0.0221865,
        -0.0038216, -0.0179272, 0.0221864,
        -0.0084526, -0.0082007, 0.0217439,
        0.0075404, -0.0234599, 0.0217433,
        0.0075404, -0.0234598, 0.0201831,
        -0.0084527, -0.0082007, 0.0201838,
        0.0222593, 0.0108478, 0.0201832,
        0.0221556, -0.0109583, 0.0201828,
        0.023622, -0.0109584, 0.021743,
        0.023651, 0.0108478, 0.0217434,
        -0.0101879, -0.0223144, 0.0180198,
        -0.0121, -0.0133746, 0.01802,
        -0.007159, -0.0057207, 0.0180199,
        0.0018092, -0.0037891, 0.0180197,
        0.0094826, -0.0087585, 0.0180194,
        0.0113947, -0.0176983, 0.0180193,
        0.0063969, -0.0253913, 0.0180193,
        -0.0025145, -0.0272838, 0.0180195,
        -0.0101879, -0.0223144, 0.0201836,
        -0.0120999, -0.0133746, 0.0201838,
        -0.0071589, -0.0057208, 0.0201838,
        0.0018093, -0.0037891, 0.0201835,
        0.0094827, -0.0087585, 0.0201833,
        0.0113947, -0.0176984, 0.0201831,
        0.006397, -0.0253913, 0.0201831,
        -0.0025145, -0.0272838, 0.0201833,
        0.0202183, -0.0109583, -0.0201522,
        0.0202183, -0.0109584, -0.0217124,
        0.020219, -0.0109584, 0.021743,
        0.020219, -0.0109583, 0.0201829,
        0.0112371, 0.0108478, -0.0201524,
        0.011237, 0.0108478, -0.0217126,
        0.0112378, 0.0108478, 0.0217436,
        0.0112378, 0.0108478, 0.0201834
    ],

    "faces": [
        0, 10,11,12,
        0, 15,8,14,
        0, 24,31,25,
        0, 29,28,27,
        0, 41,47,40,
        0, 43,44,45,
        0, 52,50,51,
        0, 54,55,48,
        0, 64,65,71,
        0, 69,67,68,
        0, 21,80,19,
        0, 80,18,19,
        0, 17,81,16,
        0, 81,22,16,
        0, 62,63,82,
        0, 82,63,57,
        0, 58,60,83,
        0, 83,60,61,
        0, 19,84,21,
        0, 84,20,21,
        0, 23,85,22,
        0, 85,16,22,
        0, 56,57,86,
        0, 86,57,63,
        0, 60,58,87,
        0, 87,58,59,
        0, 87,86,60,
        0, 60,86,63,
        0, 59,86,87,
        0, 59,56,86,
        0, 85,23,20,
        0, 85,20,84,
        0, 16,85,19,
        0, 85,84,19,
        0, 82,61,62,
        0, 82,83,61,
        0, 57,83,82,
        0, 57,58,83,
        0, 80,21,22,
        0, 80,22,81,
        0, 18,80,81,
        0, 18,81,17,
        0, 78,77,75,
        0, 77,76,75,
        0, 79,78,75,
        0, 79,75,74,
        0, 72,79,74,
        0, 72,74,73,
        0, 70,67,69,
        0, 70,66,67,
        0, 65,70,71,
        0, 65,66,70,
        0, 49,54,48,
        0, 49,53,54,
        0, 52,49,50,
        0, 52,53,49,
        0, 59,57,56,
        0, 59,58,57,
        0, 64,71,79,
        0, 64,79,72,
        0, 72,73,65,
        0, 72,65,64,
        0, 73,74,66,
        0, 73,66,65,
        0, 74,75,67,
        0, 74,67,66,
        0, 75,76,68,
        0, 75,68,67,
        0, 76,77,69,
        0, 76,69,68,
        0, 77,78,70,
        0, 77,70,69,
        0, 78,79,71,
        0, 78,71,70,
        0, 8,0,1,
        0, 1,9,8,
        0, 9,2,10,
        0, 9,1,2,
        0, 10,3,11,
        0, 10,2,3,
        0, 11,4,12,
        0, 11,3,4,
        0, 12,5,13,
        0, 12,4,5,
        0, 13,6,14,
        0, 13,5,6,
        0, 14,7,15,
        0, 14,6,7,
        0, 0,15,7,
        0, 0,8,15,
        0, 22,21,20,
        0, 22,20,23,
        0, 39,24,32,
        0, 39,31,24,
        0, 25,32,24,
        0, 25,33,32,
        0, 26,33,25,
        0, 26,34,33,
        0, 27,34,26,
        0, 27,35,34,
        0, 28,35,27,
        0, 28,36,35,
        0, 29,36,28,
        0, 29,37,36,
        0, 30,38,29,
        0, 29,38,37,
        0, 31,38,30,
        0, 31,39,38,
        0, 46,42,43,
        0, 46,43,45,
        0, 41,42,46,
        0, 41,46,47,
        0, 30,29,27,
        0, 30,27,26,
        0, 25,31,30,
        0, 25,30,26,
        0, 9,13,14,
        0, 9,14,8,
        0, 12,13,9,
        0, 12,9,10,
        0, 5,0,7,
        0, 7,6,5,
        0, 0,4,1,
        0, 0,5,4,
        0, 3,2,4,
        0, 4,2,1,
        0, 42,52,43,
        0, 42,53,52,
        0, 43,51,44,
        0, 43,52,51,
        0, 44,50,45,
        0, 44,51,50,
        0, 45,49,46,
        0, 45,50,49,
        0, 46,48,47,
        0, 46,49,48,
        0, 40,48,55,
        0, 40,47,48,
        0, 40,54,41,
        0, 40,55,54,
        0, 41,53,42,
        0, 41,54,53,
        0, 17,61,18,
        0, 17,62,61,
        0, 16,60,63,
        0, 16,19,60,
        0, 18,60,19,
        0, 18,61,60,
        0, 16,62,17,
        0, 16,63,62
    ],

    "morphTargets": [],

    "normals": [],

    "colors": [],

    "uvs": [[]],

    "edges" : []
}
