{
    "scale" : 1,

    "materials": [
        {
	        "DbgName" : "Metal Material",
	        "blending" : "NormalBlending",
	        "colorAmbient" : [0.25, 0.25, 0.25],
	        "colorDiffuse" : [0.70, 0.70, 0.70],
	        "colorSpecular" : [0.401201, 0.401201, 0.401201],
	        "shading" : "Phong",
	        "specularCoef" : 50,
	        "transparency" : 1.0,
	        "transparent" : false,
	        "vertexColors" : false
	    }
	],

    "vertices": [
        -0.008447, -0.0084461, 0.0247275,
        -0.008447, 0.0084461, 0.0247275,
        -9e-07, 0.0119446, 0.0247278,
        0.0084452, 0.0084461, 0.0247281,
        0.0119437, -3.45e-05, 0.0247282,
        0.0084452, -0.0084461, 0.0247281,
        -9e-07, -0.0119446, 0.0247278,
        -0.0084469, -0.0084461, 0.0225637,
        -0.0119454, -3.45e-05, 0.0225636,
        -0.0084469, 0.0084461, 0.0225637,
        -8e-07, 0.0119446, 0.022564,
        0.0084453, 0.0084461, 0.0225643,
        0.0119438, -3.45e-05, 0.0225644,
        0.0084453, -0.0084461, 0.0225643,
        -8e-07, -0.0119446, 0.022564,
        9e-07, -0.0119446, -0.0258612,
        0.008447, -0.0084461, -0.0258609,
        0.0119455, -3.45e-05, -0.0258608,
        0.008447, 0.0084461, -0.0258609,
        9e-07, 0.0119446, -0.0258612,
        -0.0084452, 0.0084461, -0.0258615,
        -0.0119437, -3.45e-05, -0.0258616,
        -0.0084452, -0.0084461, -0.0258615,
        8e-07, -0.0119446, -0.0238143,
        0.0084469, -0.0084461, -0.0238141,
        0.0119454, -3.45e-05, -0.0238139,
        0.0084469, 0.0084461, -0.0238141,
        8e-07, 0.0119446, -0.0238143,
        -0.0084453, 0.0084461, -0.0238146,
        -0.0084453, -0.0084461, -0.0238146,
        0.0108336, 0.0313981, 0.0262884,
        0.0108353, 0.0313981, -0.023814,
        -0.0109726, 0.0313981, 0.0262876,
        -0.0109708, 0.0313981, -0.0238147,
        -0.0109709, 0.0300063, -0.0222884,
        -0.0109725, 0.0300063, 0.0247274,
        0.0108336, 0.0300063, 0.0247282,
        0.0108353, 0.0300063, -0.0222877,
        0.0108353, -3.45e-05, -0.0222877,
        0.0108336, -3.45e-05, 0.0247282,
        -0.0109725, -3.45e-05, 0.0247274,
        -0.0109709, -3.45e-05, -0.0222884,
        -0.0109708, -3.45e-05, -0.0238147,
        -0.0109726, -3.45e-05, 0.0262876,
        0.0108336, -3.45e-05, 0.0262884,
        0.0108353, -3.45e-05, -0.023814,
        3e-07, 0.0332829, -0.010382,
        0.0073414, 0.0332829, -0.0073409,
        0.010382, 0.0332829, 4e-07,
        0.0073409, 0.0332829, 0.0073414,
        -4e-07, 0.0332829, 0.010382,
        -0.0073414, 0.0332829, 0.0073409,
        -0.010382, 0.0332829, -4e-07,
        -0.0073409, 0.0332829, -0.0073414,
        4e-07, 0.0313981, -0.010382,
        0.0073414, 0.0313981, -0.0073409,
        0.010382, 0.0313981, 4e-07,
        0.0073409, 0.0313981, 0.0073414,
        -4e-07, 0.0313981, 0.010382,
        -0.0073414, 0.0313981, 0.0073409,
        -0.010382, 0.0313981, -4e-07,
        -0.0073409, 0.0313981, -0.0073414,
        -0.0029755, -0.0029802, -0.0263813,
        -0.0042083, -2.31e-05, -0.0263814,
        -0.0029755, 0.0029726, -0.0263813,
        9e-07, 0.0042054, -0.0263812,
        0.0029773, 0.0029726, -0.0263811,
        0.0042102, -2.31e-05, -0.0263811,
        0.0029773, -0.0029802, -0.0263811,
        9e-07, -0.0042131, -0.0263812,
        -9e-07, -0.0042131, 0.0267308,
        0.0029755, -0.0029802, 0.0267309,
        0.0042083, -2.31e-05, 0.0267309,
        0.0029755, 0.0029726, 0.0267309,
        -9e-07, 0.0042054, 0.0267308,
        -0.0029773, 0.0029726, 0.0267307,
        -0.0042102, -2.31e-05, 0.0267306,
        -0.0029773, -0.0029802, 0.026730
    ],

    "faces": [
        0, 1,3,2,
        0, 40,3,1,
        0, 40,4,3,
        0, 0,4,40,
        0, 0,5,4,
        0, 0,6,5,
        0, 9,10,11,
        0, 9,11,12,
        0, 8,9,12,
        0, 7,8,12,
        0, 7,12,13,
        0, 14,7,13,
        0, 46,53,47,
        0, 53,48,47,
        0, 53,52,48,
        0, 52,51,48,
        0, 51,49,48,
        0, 51,50,49,
        0, 28,26,27,
        0, 42,26,28,
        0, 42,25,26,
        0, 29,25,42,
        0, 29,24,25,
        0, 29,23,24,
        0, 20,19,18,
        0, 20,18,17,
        0, 21,20,17,
        0, 22,21,17,
        0, 22,17,16,
        0, 15,22,16,
        0, 69,62,68,
        0, 62,67,68,
        0, 62,63,67,
        0, 63,64,67,
        0, 64,66,67,
        0, 64,65,66,
        0, 71,77,70,
        0, 71,72,77,
        0, 72,76,77,
        0, 72,75,76,
        0, 72,73,75,
        0, 73,74,75,
        0, 63,62,77,
        0, 63,77,76,
        0, 64,63,76,
        0, 64,76,75,
        0, 65,64,75,
        0, 65,75,74,
        0, 66,65,74,
        0, 66,74,73,
        0, 67,66,73,
        0, 67,73,72,
        0, 68,67,72,
        0, 68,72,71,
        0, 69,68,71,
        0, 69,71,70,
        0, 62,69,70,
        0, 62,70,77,
        0, 61,52,53,
        0, 61,60,52,
        0, 60,51,52,
        0, 60,59,51,
        0, 59,50,51,
        0, 59,58,50,
        0, 58,49,50,
        0, 58,57,49,
        0, 57,48,49,
        0, 57,56,48,
        0, 56,47,48,
        0, 56,55,47,
        0, 55,46,47,
        0, 55,54,46,
        0, 53,54,61,
        0, 53,46,54,
        0, 38,37,34,
        0, 38,34,41,
        0, 36,39,40,
        0, 36,40,35,
        0, 34,37,36,
        0, 34,36,35,
        0, 42,45,38,
        0, 42,38,41,
        0, 44,43,40,
        0, 44,40,39,
        0, 33,31,45,
        0, 33,45,42,
        0, 30,32,43,
        0, 30,43,44,
        0, 34,33,42,
        0, 34,42,41,
        0, 32,35,43,
        0, 35,40,43,
        0, 36,30,44,
        0, 36,44,39,
        0, 31,37,45,
        0, 37,38,45,
        0, 30,36,31,
        0, 36,37,31,
        0, 33,34,35,
        0, 33,35,32,
        0, 30,31,33,
        0, 30,33,32,
        0, 29,21,22,
        0, 29,42,21,
        0, 42,20,21,
        0, 42,28,20,
        0, 28,19,20,
        0, 28,27,19,
        0, 27,18,19,
        0, 27,26,18,
        0, 26,17,18,
        0, 26,25,17,
        0, 25,16,17,
        0, 25,24,16,
        0, 24,15,16,
        0, 24,23,15,
        0, 23,22,15,
        0, 23,29,22,
        0, 6,0,7,
        0, 7,14,6,
        0, 5,14,13,
        0, 5,6,14,
        0, 4,13,12,
        0, 4,5,13,
        0, 3,12,11,
        0, 3,4,12,
        0, 2,11,10,
        0, 2,3,11,
        0, 1,10,9,
        0, 1,2,10,
        0, 40,9,8,
        0, 40,1,9,
        0, 0,8,7,
        0, 0,40,8
    ],

    "morphTargets": [],

    "normals": [],

    "colors": [],

    "uvs": [[]],

    "edges" : []
}
