{
    "scale" : 1,

    "materials": [
        {
	        "DbgName" : "Eye Forehead Material",
	        "blending" : "NormalBlending",
	        "colorAmbient" : [0.25, 0.25, 0.25],
	        "colorDiffuse" : [0.14, 0.70, 0.14],
	        "colorSpecular" : [0.401201, 0.701201, 0.401201],
	        "shading" : "Phong",
	        "specularCoef" : 50,
	        "transparency" : 1.0,
	        "transparent" : false,
	        "vertexColors" : false
	    }
	],

    "vertices": [
        0, 0.0488546, 0.0285779,
        0, 0.057406, 0.0180599,
        0.0070464, 0.0573781, 0.01728,
        -0.0070464, 0.0573781, 0.01728,
        0.0083894, 0.0559858, 0.019199,
        -0.0083894, 0.0559858, 0.019199,
        0.008978, 0.0540208, 0.0218855,
        -0.008978, 0.0540208, 0.0218855,
        0.0049843, 0.051013, 0.0258813,
        -0.0049843, 0.051013, 0.0258813
    ],

    "faces": [
        0, 0, 8, 1, 0, 9, 0, 1, 0, 1, 8,
        6, 0, 7, 9, 1, 0, 1, 6, 4, 0,
        5, 7, 1, 0, 1, 4, 2, 0, 3, 5,
        1
    ],

    "morphTargets": [],

    "normals": [],

    "colors": [],

    "uvs": [[]],

    "edges" : []
}
