{
    "scale" : 1,

    "materials": [
        {
            "DbgName" : "Metal Material",
            "blending" : "NormalBlending",
            "colorAmbient" : [0.25, 0.25, 0.25],
            "colorDiffuse" : [0.7, 0.7, 0.7],
            "colorSpecular" : [0.401201, 0.401201, 0.401201],
            "shading" : "Phong",
            "specularCoef" : 50,
            "transparency" : 1.0,
            "transparent" : false,
            "vertexColors" : false
        }
    ],

    "vertices": [
        0.0025152, -0.0272838, -0.0201519,
        -0.0063963, -0.0253913, -0.020152,
        -0.011394, -0.0176984, -0.0201521,
        -0.009482, -0.0087585, -0.0201522,
        -0.0018086, -0.0037891, -0.0201522,
        0.0071596, -0.0057208, -0.0201521,
        0.0121006, -0.0133746, -0.020152,
        0.0101886, -0.0223144, -0.0201519,
        0.0025152, -0.0272838, -0.017988,
        -0.0063963, -0.0253913, -0.0179881,
        -0.011394, -0.0176983, -0.0179883,
        -0.009482, -0.0087585, -0.0179884,
        -0.0018086, -0.0037891, -0.0179884,
        0.0071596, -0.0057207, -0.0179883,
        0.0121006, -0.0133746, -0.0179882,
        0.0101886, -0.0223144, -0.0179881,
        -0.0236502, 0.0108478, -0.0217128,
        -0.0236213, -0.0109584, -0.0217124,
        -0.0221549, -0.0109583, -0.0201523,
        -0.0222586, 0.0108478, -0.0201526,
        0.0084534, -0.0082007, -0.0201521,
        -0.0075397, -0.0234598, -0.020152,
        -0.0075397, -0.0234599, -0.0217122,
        0.0084534, -0.0082007, -0.0217123,
        -0.0256226, 1.39e-05, 0.0113823,
        -0.0256226, 0.0080327, 0.0080607,
        -0.0256224, 0.011354, 4.18e-05,
        -0.0256223, 0.0080324, -0.007977,
        -0.0256222, 1.35e-05, -0.0112984,
        -0.0256223, -0.0080052, -0.0079767,
        -0.0256224, -0.0113266, 4.22e-05,
        -0.0256226, -0.008005, 0.0080609,
        -0.0235638, 1.39e-05, 0.0113823,
        -0.0235638, 0.0080327, 0.0080607,
        -0.0235636, 0.011354, 4.18e-05,
        -0.0235635, 0.0080324, -0.007977,
        -0.0235634, 1.35e-05, -0.0112983,
        -0.0235635, -0.0080052, -0.0079767,
        -0.0236216, -0.0113266, 4.22e-05,
        -0.0235638, -0.008005, 0.008061,
        0.0038224, -0.0179272, -0.0221549,
        0.0044962, -0.0147768, -0.022155,
        0.0027608, -0.0120837, -0.022155,
        -0.0004054, -0.0113989, -0.0221551,
        -0.0031095, -0.0131501, -0.0221551,
        -0.0037833, -0.0163005, -0.022155,
        -0.0020162, -0.0190155, -0.022155,
        0.0011183, -0.0196784, -0.0221549,
        0.0011175, -0.0196784, 0.0221863,
        -0.002017, -0.0190155, 0.0221863,
        -0.0037841, -0.0163005, 0.0221862,
        -0.0031103, -0.0131501, 0.0221863,
        -0.0004062, -0.0113989, 0.0221864,
        0.0027601, -0.0120837, 0.0221865,
        0.0044954, -0.0147768, 0.0221865,
        0.0038216, -0.0179272, 0.0221864,
        0.0084526, -0.0082007, 0.0217439,
        -0.0075404, -0.0234599, 0.0217433,
        -0.0075404, -0.0234598, 0.0201831,
        0.0084527, -0.0082007, 0.0201838,
        -0.0222593, 0.0108478, 0.0201832,
        -0.0221556, -0.0109583, 0.0201828,
        -0.023622, -0.0109584, 0.021743,
        -0.023651, 0.0108478, 0.0217434,
        0.0101879, -0.0223144, 0.0180198,
        0.0121, -0.0133746, 0.01802,
        0.007159, -0.0057207, 0.0180199,
        -0.0018092, -0.0037891, 0.0180197,
        -0.0094826, -0.0087585, 0.0180194,
        -0.0113947, -0.0176983, 0.0180193,
        -0.0063969, -0.0253913, 0.0180193,
        0.0025145, -0.0272838, 0.0180195,
        0.0101879, -0.0223144, 0.0201836,
        0.0120999, -0.0133746, 0.0201838,
        0.0071589, -0.0057208, 0.0201838,
        -0.0018093, -0.0037891, 0.0201835,
        -0.0094827, -0.0087585, 0.0201833,
        -0.0113947, -0.0176984, 0.0201831,
        -0.006397, -0.0253913, 0.0201831,
        0.0025145, -0.0272838, 0.0201833,
        -0.0202183, -0.0109583, -0.0201522,
        -0.0202183, -0.0109584, -0.0217124,
        -0.020219, -0.0109584, 0.021743,
        -0.020219, -0.0109583, 0.0201829,
        -0.0112371, 0.0108478, -0.0201524,
        -0.011237, 0.0108478, -0.0217126,
        -0.0112378, 0.0108478, 0.0217436,
        -0.0112378, 0.0108478, 0.0201834
    ],

    "faces": [
        0, 10,12,11,
        0, 15,14,8,
        0, 24,25,31,
        0, 29,27,28,
        0, 41,40,47,
        0, 43,45,44,
        0, 52,51,50,
        0, 54,48,55,
        0, 64,71,65,
        0, 69,68,67,
        0, 21,19,80,
        0, 80,19,18,
        0, 17,16,81,
        0, 81,16,22,
        0, 62,82,63,
        0, 82,57,63,
        0, 58,83,60,
        0, 83,61,60,
        0, 19,21,84,
        0, 84,21,20,
        0, 23,22,85,
        0, 85,22,16,
        0, 56,86,57,
        0, 86,63,57,
        0, 60,87,58,
        0, 87,59,58,
        0, 87,60,86,
        0, 60,63,86,
        0, 59,87,86,
        0, 59,86,56,
        0, 85,20,23,
        0, 85,84,20,
        0, 16,19,85,
        0, 85,19,84,
        0, 82,62,61,
        0, 82,61,83,
        0, 57,82,83,
        0, 57,83,58,
        0, 80,22,21,
        0, 80,81,22,
        0, 18,81,80,
        0, 18,17,81,
        0, 78,75,77,
        0, 77,75,76,
        0, 79,75,78,
        0, 79,74,75,
        0, 72,74,79,
        0, 72,73,74,
        0, 70,69,67,
        0, 70,67,66,
        0, 65,71,70,
        0, 65,70,66,
        0, 49,48,54,
        0, 49,54,53,
        0, 52,50,49,
        0, 52,49,53,
        0, 59,56,57,
        0, 59,57,58,
        0, 64,79,71,
        0, 64,72,79,
        0, 72,65,73,
        0, 72,64,65,
        0, 73,66,74,
        0, 73,65,66,
        0, 74,67,75,
        0, 74,66,67,
        0, 75,68,76,
        0, 75,67,68,
        0, 76,69,77,
        0, 76,68,69,
        0, 77,70,78,
        0, 77,69,70,
        0, 78,71,79,
        0, 78,70,71,
        0, 1,0,8,
        0, 1,8,9,
        0, 9,10,2,
        0, 9,2,1,
        0, 10,11,3,
        0, 10,3,2,
        0, 11,12,4,
        0, 11,4,3,
        0, 12,13,5,
        0, 12,5,4,
        0, 13,14,6,
        0, 13,6,5,
        0, 14,15,7,
        0, 14,7,6,
        0, 0,7,15,
        0, 0,15,8,
        0, 22,20,21,
        0, 22,23,20,
        0, 39,32,24,
        0, 39,24,31,
        0, 25,24,32,
        0, 25,32,33,
        0, 26,25,33,
        0, 26,33,34,
        0, 27,26,34,
        0, 27,34,35,
        0, 28,27,35,
        0, 28,35,36,
        0, 29,28,36,
        0, 29,36,37,
        0, 30,29,38,
        0, 29,37,38,
        0, 31,30,38,
        0, 31,38,39,
        0, 46,43,42,
        0, 46,45,43,
        0, 41,46,42,
        0, 41,47,46,
        0, 30,27,29,
        0, 30,26,27,
        0, 25,30,31,
        0, 25,26,30,
        0, 9,14,13,
        0, 9,8,14,
        0, 12,9,13,
        0, 12,10,9,
        0, 7,0,5,
        0, 7,5,6,
        0, 0,1,4,
        0, 0,4,5,
        0, 3,4,2,
        0, 4,1,2,
        0, 42,43,52,
        0, 42,52,53,
        0, 43,44,51,
        0, 43,51,52,
        0, 44,45,50,
        0, 44,50,51,
        0, 45,46,49,
        0, 45,49,50,
        0, 46,47,48,
        0, 46,48,49,
        0, 40,55,48,
        0, 40,48,47,
        0, 40,41,54,
        0, 40,54,55,
        0, 41,42,53,
        0, 41,53,54,
        0, 17,18,61,
        0, 17,61,62,
        0, 16,63,60,
        0, 16,60,19,
        0, 18,19,60,
        0, 18,60,61,
        0, 16,17,62,
        0, 16,62,63
    ],

    "morphTargets": [],

    "normals": [],

    "colors": [],

    "uvs": [[]],

    "edges" : []
}
