{
    "scale" : 1,

    "metadata": {},

    "materials": [
        {
            "DbgName" : "Metal Material",
            "blending" : "NormalBlending",
            "colorAmbient" : [0.25, 0.25, 0.25],
            "colorDiffuse" : [0.70, 0.70, 0.70],
            "colorSpecular" : [0.401201, 0.401201, 0.401201],
            "shading" : "Phong",
            "specularCoef" : 50,
            "transparency" : 1.0,
            "transparent" : false,
            "vertexColors" : false
        }
    ],

    "vertices": [
        0.0084461, -0.0084461, 0.0247278,
        0.0084461, 0.0084461, 0.0247278,
        -0, 0.0119446, 0.0247278,
        -0.0084461, 0.0084461, 0.0247278,
        -0.0119446, -3.45e-05, 0.0247278,
        -0.0084461, -0.0084461, 0.0247278,
        -0, -0.0119446, 0.0247278,
        0.0084461, -0.0084461, 0.022564,
        0.0119446, -3.45e-05, 0.022564,
        0.0084461, 0.0084461, 0.022564,
        -0, 0.0119446, 0.022564,
        -0.0084461, 0.0084461, 0.022564,
        -0.0119446, -3.45e-05, 0.022564,
        -0.0084461, -0.0084461, 0.022564,
        0, -0.0119446, 0.022564,
        0, -0.0119446, -0.0258612,
        -0.0084461, -0.0084461, -0.0258612,
        -0.0119446, -3.45e-05, -0.0258612,
        -0.0084461, 0.0084461, -0.0258612,
        -0, 0.0119446, -0.0258612,
        0.0084461, 0.0084461, -0.0258612,
        0.0119446, -3.45e-05, -0.0258612,
        0.0084461, -0.0084461, -0.0258612,
        -0, -0.0119446, -0.0238143,
        -0.0084461, -0.0084461, -0.0238143,
        -0.0119446, -3.45e-05, -0.0238143,
        -0.0084461, 0.0084461, -0.0238143,
        -0, 0.0119446, -0.0238143,
        0.0084461, 0.0084461, -0.0238143,
        0.0084461, -0.0084461, -0.0238143,
        -0.0108345, 0.0313981, 0.026288,
        -0.0108345, 0.0313981, -0.0238143,
        0.0109716, 0.0313981, 0.026288,
        0.0109716, 0.0313981, -0.0238143,
        0.0109716, 0.0300063, -0.022288,
        0.0109716, 0.0300063, 0.0247278,
        -0.0108345, 0.0300063, 0.0247278,
        -0.0108345, 0.0300063, -0.022288,
        -0.0108345, -3.45e-05, -0.022288,
        -0.0108345, -3.45e-05, 0.0247278,
        0.0109716, -3.45e-05, 0.0247278,
        0.0109716, -3.45e-05, -0.022288,
        0.0109716, -3.45e-05, -0.0238143,
        0.0109716, -3.45e-05, 0.026288,
        -0.0108345, -3.45e-05, 0.026288,
        -0.0108345, -3.45e-05, -0.0238143,
        0, 0.0332829, -0.010382,
        -0.0073412, 0.0332829, -0.0073412,
        -0.010382, 0.0332829, -0,
        -0.0073412, 0.0332829, 0.0073412,
        -0, 0.0332829, 0.010382,
        0.0073412, 0.0332829, 0.0073412,
        0.010382, 0.0332829, -0,
        0.0073412, 0.0332829, -0.0073412,
        -0, 0.0313981, -0.010382,
        -0.0073412, 0.0313981, -0.0073412,
        -0.010382, 0.0313981, -0,
        -0.0073412, 0.0313981, 0.0073412,
        -0, 0.0313981, 0.010382,
        0.0073412, 0.0313981, 0.0073412,
        0.010382, 0.0313981, -0,
        0.0073412, 0.0313981, -0.0073412,
        0.0029764, -0.0029802, -0.0263812,
        0.0042093, -2.31e-05, -0.0263812,
        0.0029764, 0.0029726, -0.0263812,
        0, 0.0042054, -0.0263812,
        -0.0029764, 0.0029726, -0.0263812,
        -0.0042093, -2.31e-05, -0.0263812,
        -0.0029764, -0.0029802, -0.0263812,
        0, -0.0042131, -0.0263812,
        0, -0.0042131, 0.0267308,
        -0.0029764, -0.0029802, 0.0267308,
        -0.0042093, -2.31e-05, 0.0267308,
        -0.0029764, 0.0029726, 0.0267308,
        0, 0.0042054, 0.0267308,
        0.0029764, 0.0029726, 0.0267308,
        0.0042093, -2.31e-05, 0.0267308,
        0.0029764, -0.0029802, 0.0267308
    ],

    "faces": [
        0, 1,2,3,
        0, 40,1,3,
        0, 40,3,4,
        0, 0,40,4,
        0, 0,4,5,
        0, 0,5,6,
        0, 9,11,10,
        0, 9,12,11,
        0, 8,12,9,
        0, 7,12,8,
        0, 7,13,12,
        0, 14,13,7,
        0, 46,47,53,
        0, 53,47,48,
        0, 53,48,52,
        0, 52,48,51,
        0, 51,48,49,
        0, 51,49,50,
        0, 28,27,26,
        0, 42,28,26,
        0, 42,26,25,
        0, 29,42,25,
        0, 29,25,24,
        0, 29,24,23,
        0, 20,18,19,
        0, 20,17,18,
        0, 21,17,20,
        0, 22,17,21,
        0, 22,16,17,
        0, 15,16,22,
        0, 69,68,62,
        0, 62,68,67,
        0, 62,67,63,
        0, 63,67,64,
        0, 64,67,66,
        0, 64,66,65,
        0, 71,70,77,
        0, 71,77,72,
        0, 72,77,76,
        0, 72,76,75,
        0, 72,75,73,
        0, 73,75,74,
        0, 63,77,62,
        0, 63,76,77,
        0, 64,76,63,
        0, 64,75,76,
        0, 65,75,64,
        0, 65,74,75,
        0, 66,74,65,
        0, 66,73,74,
        0, 67,73,66,
        0, 67,72,73,
        0, 68,72,67,
        0, 68,71,72,
        0, 69,71,68,
        0, 69,70,71,
        0, 62,70,69,
        0, 62,77,70,
        0, 61,53,52,
        0, 61,52,60,
        0, 60,52,51,
        0, 60,51,59,
        0, 59,51,50,
        0, 59,50,58,
        0, 58,50,49,
        0, 58,49,57,
        0, 57,49,48,
        0, 57,48,56,
        0, 56,48,47,
        0, 56,47,55,
        0, 55,47,46,
        0, 55,46,54,
        0, 53,61,54,
        0, 53,54,46,
        0, 38,34,37,
        0, 38,41,34,
        0, 36,40,39,
        0, 36,35,40,
        0, 34,36,37,
        0, 34,35,36,
        0, 42,38,45,
        0, 42,41,38,
        0, 44,40,43,
        0, 44,39,40,
        0, 33,45,31,
        0, 33,42,45,
        0, 30,43,32,
        0, 30,44,43,
        0, 34,42,33,
        0, 34,41,42,
        0, 32,43,35,
        0, 35,43,40,
        0, 36,44,30,
        0, 36,39,44,
        0, 31,45,37,
        0, 37,45,38,
        0, 30,31,36,
        0, 36,31,37,
        0, 33,35,34,
        0, 33,32,35,
        0, 30,33,31,
        0, 30,32,33,
        0, 29,22,21,
        0, 29,21,42,
        0, 42,21,20,
        0, 42,20,28,
        0, 28,20,19,
        0, 28,19,27,
        0, 27,19,18,
        0, 27,18,26,
        0, 26,18,17,
        0, 26,17,25,
        0, 25,17,16,
        0, 25,16,24,
        0, 24,16,15,
        0, 24,15,23,
        0, 23,15,22,
        0, 23,22,29,
        0, 7,0,6,
        0, 7,6,14,
        0, 5,13,14,
        0, 5,14,6,
        0, 4,12,13,
        0, 4,13,5,
        0, 3,11,12,
        0, 3,12,4,
        0, 2,10,11,
        0, 2,11,3,
        0, 1,9,10,
        0, 1,10,2,
        0, 40,8,9,
        0, 40,9,1,
        0, 0,7,8,
        0, 0,8,40
    ],

    "morphTargets": [],

    "normals": [],

    "colors": [],

    "uvs": [[]],

    "edges" : []
}
